{
  "model": "z = a*x + b*y + c",
  "coefficients": [
    0.0,
    0.5709512562885384,
    -7.650064220597362
  ],
  "intercept": 6.425250355402261
}