{
  "fx": 388.5696716308594,
  "fy": 388.11639404296875,
  "cx": 319.456787109375,
  "cy": 248.93724060058594,
  "width": 640,
  "height": 480
}