{
  "rotation_matrix": [
    [
      0.9959672588138446,
      0.08967239024592158,
      0.002842850403992166
    ],
    [
      -0.08967239024592158,
      0.9939632129189026,
      0.06321387341015852
    ],
    [
      0.002842850403992166,
      -0.06321387341015852,
      0.9979959541050579
    ]
  ],
  "info": {
    "angle_deg": 6.298821196437265,
    "angle_rad": 0.1099351688722388,
    "axis": [
      -0.5761703457919634,
      -0.0,
      -0.8173296352329148
    ],
    "plane_normal": [
      0.08967239024592157,
      -0.9939632129189028,
      -0.06321387341015852
    ],
    "rotation_matrix": [
      [
        0.9959672588138446,
        0.08967239024592158,
        0.002842850403992166
      ],
      [
        -0.08967239024592158,
        0.9939632129189026,
        0.06321387341015852
      ],
      [
        0.002842850403992166,
        -0.06321387341015852,
        0.9979959541050579
      ]
    ]
  },
  "description": "Rotation matrix to align ground plane to horizontal"
}