{
  "rotation_matrix": [
    [
      0.9969966384393671,
      0.07738111031529675,
      0.003141131479840467
    ],
    [
      -0.07738111031529675,
      0.9937114172715349,
      0.08093072933422352
    ],
    [
      0.003141131479840467,
      -0.08093072933422352,
      0.9967147788321677
    ]
  ],
  "info": {
    "angle_deg": 6.428977025539193,
    "angle_rad": 0.11220681663073048,
    "axis": [
      -0.7227796508819216,
      -0.0,
      -0.6910785601297493
    ],
    "plane_normal": [
      0.07738111031529661,
      -0.9937114172715351,
      -0.08093072933422336
    ],
    "rotation_matrix": [
      [
        0.9969966384393671,
        0.07738111031529675,
        0.003141131479840467
      ],
      [
        -0.07738111031529675,
        0.9937114172715349,
        0.08093072933422352
      ],
      [
        0.003141131479840467,
        -0.08093072933422352,
        0.9967147788321677
      ]
    ]
  },
  "description": "Rotation matrix to align ground plane to horizontal"
}