{
  "rotation_matrix": [
    [
      0.9994678000472975,
      -0.032316841494866716,
      -0.004442794662255537
    ],
    [
      0.032316841494866716,
      0.9623794382187485,
      0.2697803526010775
    ],
    [
      -0.004442794662255537,
      -0.2697803526010775,
      0.962911638171451
    ]
  ],
  "info": {
    "angle_deg": 15.76599161480994,
    "angle_rad": 0.27516846352025104,
    "axis": [
      -0.9929015470052156,
      0.0,
      0.11893913550488608
    ],
    "plane_normal": [
      -0.03231684149486671,
      -0.9623794382187482,
      -0.26978035260107747
    ],
    "rotation_matrix": [
      [
        0.9994678000472975,
        -0.032316841494866716,
        -0.004442794662255537
      ],
      [
        0.032316841494866716,
        0.9623794382187485,
        0.2697803526010775
      ],
      [
        -0.004442794662255537,
        -0.2697803526010775,
        0.962911638171451
      ]
    ]
  },
  "description": "Rotation matrix to align ground plane to horizontal"
}