{
  "rotation_matrix": [
    [
      0.9999320250531881,
      0.01142123165199542,
      0.002345365767178092
    ],
    [
      -0.01142123165199542,
      0.9190089667818365,
      0.3940711540345636
    ],
    [
      0.002345365767178092,
      -0.3940711540345636,
      0.9190769417286484
    ]
  ],
  "info": {
    "angle_deg": 23.21837301820232,
    "angle_rad": 0.4052370561238438,
    "axis": [
      -0.9995802670198887,
      -0.0,
      -0.028970498519148805
    ],
    "plane_normal": [
      0.011421231651995416,
      -0.9190089667818364,
      -0.3940711540345635
    ],
    "rotation_matrix": [
      [
        0.9999320250531881,
        0.01142123165199542,
        0.002345365767178092
      ],
      [
        -0.01142123165199542,
        0.9190089667818365,
        0.3940711540345636
      ],
      [
        0.002345365767178092,
        -0.3940711540345636,
        0.9190769417286484
      ]
    ]
  },
  "description": "Rotation matrix to align ground plane to horizontal"
}